Workbook

Sheet Raw EOD Prices
A1: Batch ID | B1: Clearing Date | C1: Company | D1: ICE Name | E1: Instrument Name | F1: EOD Price | G1: Source URL | H1: Imported At
A2: ice-20260824-7bf9d81a3ef7 | B2: 46258 | C2: Oracle | D2: Oracle Cop | E2: ORCLE.SNRFOR.USD.XR14.100.2031-06-20 | F2: 95.0309 | G2: Open source | H2: 2026-08-25T08:30:08.959Z
A3: ice-20260824-7bf9d81a3ef7 | B3: 46258 | C3: CoreWeave | D3: COREWEAVE INC | E3: COREWEI.SNRFOR.USD.XR14.500.2031-06-20 | F3: 90.0135 | G3: Open source | H3: 2026-08-25T08:30:08.959Z
A4: ice-20260824-7bf9d81a3ef7 | B4: 46258 | C4: NVIDIA | D4: NVIDIA Corp | E4: NVIDIA.SNRFOR.USD.XR14.100.2031-06-20 | F4: 100.5487 | G4: Open source | H4: 2026-08-25T08:30:08.959Z
A5: ice-20260824-7bf9d81a3ef7 | B5: 46258 | C5: Amazon | D5: Amazon Com Inc | E5: AMZN.SNRFOR.USD.XR14.100.2031-06-20 | F5: 101.4668 | G5: Open source | H5: 2026-08-25T08:30:08.959Z
A6: ice-20260824-7bf9d81a3ef7 | B6: 46258 | C6: Google | D6: Alphabet Inc | E6: ALPHINC.SNRFOR.USD.XR14.100.2031-06-20 | F6: 101.7418 | G6: Open source | H6: 2026-08-25T08:30:08.959Z
A7: ice-20260824-7bf9d81a3ef7 | B7: 46258 | C7: Microsoft | D7: Microsoft Corp | E7: MSFT.SNRFOR.USD.XR14.100.2031-06-20 | F7: 102.2015 | G7: Open source | H7: 2026-08-25T08:30:08.959Z
A8: ice-20260824-7bf9d81a3ef7 | B8: 46258 | C8: Meta | D8: META PLATFORMS INC | E8: METAPL.SNRFOR.USD.XR14.100.2031-06-20 | F8: 100.1232 | G8: Open source | H8: 2026-08-25T08:30:08.959Z

Sheet Derived 5Y Spreads
A1: Batch ID | B1: Clearing Date | C1: Company | D1: Instrument Name | E1: EOD Price | F1: Coupon (bp) | G1: Spread (bp) | H1: Maturity Date | I1: Round-trip Price | J1: Price Residual | K1: Hazard Rate | L1: Curve ID | M1: Recovery Rate | N1: Model Version | O1: Quality Status | P1: Official Spread (bp) | Q1: Relative Error | R1: Source URL
A2: screenshot-reference-20260824-v1 | B2: 46183 | C2: Oracle | D2: SCREENSHOT.ORCLE.5Y | F2: 100 | G2: 160 | H2: 48019 | L2: screenshot-reference-not-applicable | M2: 0.4 | N2: screenshot-backfill-v1 | O2: stale
A3: screenshot-reference-20260824-v1 | B3: 46183 | C3: CoreWeave | D3: SCREENSHOT.COREWEI.5Y | F3: 500 | G3: 510 | H3: 48019 | L3: screenshot-reference-not-applicable | M3: 0.4 | N3: screenshot-backfill-v1 | O3: stale
A4: screenshot-reference-20260824-v1 | B4: 46183 | C4: Amazon | D4: SCREENSHOT.AMZN.5Y | F4: 100 | G4: 51 | H4: 48019 | L4: screenshot-reference-not-applicable | M4: 0.4 | N4: screenshot-backfill-v1 | O4: stale
A5: screenshot-reference-20260824-v1 | B5: 46183 | C5: Google | D5: SCREENSHOT.ALPHINC.5Y | F5: 100 | G5: 50 | H5: 48019 | L5: screenshot-reference-not-applicable | M5: 0.4 | N5: screenshot-backfill-v1 | O5: stale
A6: screenshot-reference-20260824-v1 | B6: 46183 | C6: Microsoft | D6: SCREENSHOT.MSFT.5Y | F6: 100 | G6: 39 | H6: 48019 | L6: screenshot-reference-not-applicable | M6: 0.4 | N6: screenshot-backfill-v1 | O6: stale
A7: screenshot-reference-20260824-v1 | B7: 46183 | C7: Meta | D7: SCREENSHOT.METAPL.5Y | F7: 100 | G7: 71 | H7: 48019 | L7: screenshot-reference-not-applicable | M7: 0.4 | N7: screenshot-backfill-v1 | O7: stale
A8: screenshot-reference-20260824-v1 | B8: 46184 | C8: Oracle | D8: SCREENSHOT.ORCLE.5Y | F8: 100 | G8: 158.8 | H8: 48019 | L8: screenshot-reference-not-applicable | M8: 0.4 | N8: screenshot-backfill-v1 | O8: stale
A9: screenshot-reference-20260824-v1 | B9: 46184 | C9: CoreWeave | D9: SCREENSHOT.COREWEI.5Y | F9: 500 | G9: 505.71 | H9: 48019 | L9: screenshot-reference-not-applicable | M9: 0.4 | N9: screenshot-backfill-v1 | O9: stale
A10: screenshot-reference-20260824-v1 | B10: 46184 | C10: Amazon | D10: SCREENSHOT.AMZN.5Y | F10: 100 | G10: 50.86 | H10: 48019 | L10: screenshot-reference-not-applicable | M10: 0.4 | N10: screenshot-backfill-v1 | O10: stale
A11: screenshot-reference-20260824-v1 | B11: 46184 | C11: Google | D11: SCREENSHOT.ALPHINC.5Y | F11: 100 | G11: 49.86 | H11: 48019 | L11: screenshot-reference-not-applicable | M11: 0.4 | N11: screenshot-backfill-v1 | O11: stale
A12: screenshot-reference-20260824-v1 | B12: 46184 | C12: Microsoft | D12: SCREENSHOT.MSFT.5Y | F12: 100 | G12: 38.86 | H12: 48019 | L12: screenshot-reference-not-applicable | M12: 0.4 | N12: screenshot-backfill-v1 | O12: stale
A13: screenshot-reference-20260824-v1 | B13: 46184 | C13: Meta | D13: SCREENSHOT.METAPL.5Y | F13: 100 | G13: 70.71 | H13: 48019 | L13: screenshot-reference-not-applicable | M13: 0.4 | N13: screenshot-backfill-v1 | O13: stale
... A364: screenshot-reference-20260824-v1 | B364: 46255 | C364: Meta | D364: SCREENSHOT.METAPL.5Y | F364: 100 | G364: 96 | H364: 48019 | L364: screenshot-reference-not-applicable | M364: 0.4 | N364: screenshot-backfill-v1 | O364: stale
A365: ice-20260824-7bf9d81a3ef7 | B365: 46258 | C365: Oracle | D365: ORCLE.SNRFOR.USD.XR14.100.2031-06-20 | E365: 95.0309 | F365: 100 | G365: 223.30089 | H365: 48019 | I365: 95.0309 | J365: 2.7000624e-13 | K365: 0.037529413 | L365: ust-par-zero-proxy-2026-08-24 | M365: 0.4 | N365: ice-isda-compatible-v1 | O365: model-derived | R365: Open source
A366: ice-20260824-7bf9d81a3ef7 | B366: 46258 | C366: CoreWeave | D366: COREWEI.SNRFOR.USD.XR14.500.2031-06-20 | E366: 90.0135 | F366: 500 | G366: 806.1393 | H366: 48019 | I366: 90.0135 | J366: 8.4980911e-12 | K366: 0.13551098 | L366: ust-par-zero-proxy-2026-08-24 | M366: 0.4 | N366: ice-isda-compatible-v1 | O366: model-derived | R366: Open source
A367: ice-20260824-7bf9d81a3ef7 | B367: 46258 | C367: NVIDIA | D367: NVIDIA.SNRFOR.USD.XR14.100.2031-06-20 | E367: 100.5487 | F367: 100 | G367: 87.075465 | H367: 48019 | I367: 100.5487 | J367: 3.2571279e-11 | K367: 0.014634029 | L367: ust-par-zero-proxy-2026-08-24 | M367: 0.4 | N367: ice-isda-compatible-v1 | O367: model-derived | R367: Open source
A368: ice-20260824-7bf9d81a3ef7 | B368: 46258 | C368: Amazon | D368: AMZN.SNRFOR.USD.XR14.100.2031-06-20 | E368: 101.4668 | F368: 100 | G368: 65.733555 | H368: 48019 | I368: 101.4668 | J368: 1.5404567e-11 | K368: 0.011047229 | L368: ust-par-zero-proxy-2026-08-24 | M368: 0.4 | N368: ice-isda-compatible-v1 | O368: model-derived | R368: Open source
A369: ice-20260824-7bf9d81a3ef7 | B369: 46258 | C369: Google | D369: ALPHINC.SNRFOR.USD.XR14.100.2031-06-20 | E369: 101.7418 | F369: 100 | G369: 59.408709 | H369: 48019 | I369: 101.7418 | J369: 1.2775558e-11 | K369: 0.0099842588 | L369: ust-par-zero-proxy-2026-08-24 | M369: 0.4 | N369: ice-isda-compatible-v1 | O369: model-derived | R369: Open source
A370: ice-20260824-7bf9d81a3ef7 | B370: 46258 | C370: Microsoft | D370: MSFT.SNRFOR.USD.XR14.100.2031-06-20 | E370: 102.2015 | F370: 100 | G370: 48.904252 | H370: 48019 | I370: 102.2015 | J370: 4.6810555e-11 | K370: 0.0082188575 | L370: ust-par-zero-proxy-2026-08-24 | M370: 0.4 | N370: ice-isda-compatible-v1 | O370: model-derived | R370: Open source
A371: ice-20260824-7bf9d81a3ef7 | B371: 46258 | C371: Meta | D371: METAPL.SNRFOR.USD.XR14.100.2031-06-20 | E371: 100.1232 | F371: 100 | G371: 97.086821 | H371: 48019 | I371: 100.1232 | J371: 1.4068746e-11 | K371: 0.016316586 | L371: ust-par-zero-proxy-2026-08-24 | M371: 0.4 | N371: ice-isda-compatible-v1 | O371: model-derived | R371: Open source

Sheet Daily Dashboard
A1: Date | B1: Company | C1: Spread (bp) | D1: 1D Δ (bp) | E1: 7D Δ (bp) | F1: 1M Δ (bp) | G1: EOD Price | H1: Quality Status | I1: Batch ID | J1: Instrument Name | K1: Source URL
A2: 46183 | B2: Oracle | C2: ='Derived 5Y Spreads'!G2 -> 160 | D2: =IFERROR(NA(),"") | E2: =IFERROR(NA(),"") | F2: =IFERROR(NA(),"") | G2: ='Derived 5Y Spreads'!E2 | H2: ='Derived 5Y Spreads'!O2 -> stale | I2: ='Derived 5Y Spreads'!A2 -> screenshot-reference-20260824-v1 | J2: ='Derived 5Y Spreads'!D2 -> SCREENSHOT.ORCLE.5Y
A3: 46183 | B3: CoreWeave | C3: ='Derived 5Y Spreads'!G3 -> 510 | D3: =IFERROR(NA(),"") | E3: =IFERROR(NA(),"") | F3: =IFERROR(NA(),"") | G3: ='Derived 5Y Spreads'!E3 | H3: ='Derived 5Y Spreads'!O3 -> stale | I3: ='Derived 5Y Spreads'!A3 -> screenshot-reference-20260824-v1 | J3: ='Derived 5Y Spreads'!D3 -> SCREENSHOT.COREWEI.5Y
A4: 46183 | B4: Amazon | C4: ='Derived 5Y Spreads'!G4 -> 51 | D4: =IFERROR(NA(),"") | E4: =IFERROR(NA(),"") | F4: =IFERROR(NA(),"") | G4: ='Derived 5Y Spreads'!E4 | H4: ='Derived 5Y Spreads'!O4 -> stale | I4: ='Derived 5Y Spreads'!A4 -> screenshot-reference-20260824-v1 | J4: ='Derived 5Y Spreads'!D4 -> SCREENSHOT.AMZN.5Y
A5: 46183 | B5: Google | C5: ='Derived 5Y Spreads'!G5 -> 50 | D5: =IFERROR(NA(),"") | E5: =IFERROR(NA(),"") | F5: =IFERROR(NA(),"") | G5: ='Derived 5Y Spreads'!E5 | H5: ='Derived 5Y Spreads'!O5 -> stale | I5: ='Derived 5Y Spreads'!A5 -> screenshot-reference-20260824-v1 | J5: ='Derived 5Y Spreads'!D5 -> SCREENSHOT.ALPHINC.5Y
A6: 46183 | B6: Microsoft | C6: ='Derived 5Y Spreads'!G6 -> 39 | D6: =IFERROR(NA(),"") | E6: =IFERROR(NA(),"") | F6: =IFERROR(NA(),"") | G6: ='Derived 5Y Spreads'!E6 | H6: ='Derived 5Y Spreads'!O6 -> stale | I6: ='Derived 5Y Spreads'!A6 -> screenshot-reference-20260824-v1 | J6: ='Derived 5Y Spreads'!D6 -> SCREENSHOT.MSFT.5Y
A7: 46183 | B7: Meta | C7: ='Derived 5Y Spreads'!G7 -> 71 | D7: =IFERROR(NA(),"") | E7: =IFERROR(NA(),"") | F7: =IFERROR(NA(),"") | G7: ='Derived 5Y Spreads'!E7 | H7: ='Derived 5Y Spreads'!O7 -> stale | I7: ='Derived 5Y Spreads'!A7 -> screenshot-reference-20260824-v1 | J7: ='Derived 5Y Spreads'!D7 -> SCREENSHOT.METAPL.5Y
A8: 46184 | B8: Oracle | C8: ='Derived 5Y Spreads'!G8 -> 158.8 | D8: =C8-'Derived 5Y Spreads'!G2 -> -1.2 | E8: =IFERROR(NA(),"") | F8: =IFERROR(NA(),"") | G8: ='Derived 5Y Spreads'!E8 | H8: ='Derived 5Y Spreads'!O8 -> stale | I8: ='Derived 5Y Spreads'!A8 -> screenshot-reference-20260824-v1 | J8: ='Derived 5Y Spreads'!D8 -> SCREENSHOT.ORCLE.5Y
A9: 46184 | B9: CoreWeave | C9: ='Derived 5Y Spreads'!G9 -> 505.71 | D9: =C9-'Derived 5Y Spreads'!G3 -> -4.29 | E9: =IFERROR(NA(),"") | F9: =IFERROR(NA(),"") | G9: ='Derived 5Y Spreads'!E9 | H9: ='Derived 5Y Spreads'!O9 -> stale | I9: ='Derived 5Y Spreads'!A9 -> screenshot-reference-20260824-v1 | J9: ='Derived 5Y Spreads'!D9 -> SCREENSHOT.COREWEI.5Y
A10: 46184 | B10: Amazon | C10: ='Derived 5Y Spreads'!G10 -> 50.86 | D10: =C10-'Derived 5Y Spreads'!G4 -> -0.14 | E10: =IFERROR(NA(),"") | F10: =IFERROR(NA(),"") | G10: ='Derived 5Y Spreads'!E10 | H10: ='Derived 5Y Spreads'!O10 -> stale | I10: ='Derived 5Y Spreads'!A10 -> screenshot-reference-20260824-v1 | J10: ='Derived 5Y Spreads'!D10 -> SCREENSHOT.AMZN.5Y
A11: 46184 | B11: Google | C11: ='Derived 5Y Spreads'!G11 -> 49.86 | D11: =C11-'Derived 5Y Spreads'!G5 -> -0.14 | E11: =IFERROR(NA(),"") | F11: =IFERROR(NA(),"") | G11: ='Derived 5Y Spreads'!E11 | H11: ='Derived 5Y Spreads'!O11 -> stale | I11: ='Derived 5Y Spreads'!A11 -> screenshot-reference-20260824-v1 | J11: ='Derived 5Y Spreads'!D11 -> SCREENSHOT.ALPHINC.5Y
A12: 46184 | B12: Microsoft | C12: ='Derived 5Y Spreads'!G12 -> 38.86 | D12: =C12-'Derived 5Y Spreads'!G6 -> -0.14 | E12: =IFERROR(NA(),"") | F12: =IFERROR(NA(),"") | G12: ='Derived 5Y Spreads'!E12 | H12: ='Derived 5Y Spreads'!O12 -> stale | I12: ='Derived 5Y Spreads'!A12 -> screenshot-reference-20260824-v1 | J12: ='Derived 5Y Spreads'!D12 -> SCREENSHOT.MSFT.5Y
A13: 46184 | B13: Meta | C13: ='Derived 5Y Spreads'!G13 -> 70.71 | D13: =C13-'Derived 5Y Spreads'!G7 -> -0.29 | E13: =IFERROR(NA(),"") | F13: =IFERROR(NA(),"") | G13: ='Derived 5Y Spreads'!E13 | H13: ='Derived 5Y Spreads'!O13 -> stale | I13: ='Derived 5Y Spreads'!A13 -> screenshot-reference-20260824-v1 | J13: ='Derived 5Y Spreads'!D13 -> SCREENSHOT.METAPL.5Y
A14: 46185 | B14: Oracle | C14: ='Derived 5Y Spreads'!G14 -> 157.6 | D14: =C14-'Derived 5Y Spreads'!G8 -> -1.2 | E14: =IFERROR(NA(),"") | F14: =IFERROR(NA(),"") | G14: ='Derived 5Y Spreads'!E14 | H14: ='Derived 5Y Spreads'!O14 -> stale | I14: ='Derived 5Y Spreads'!A14 -> screenshot-reference-20260824-v1 | J14: ='Derived 5Y Spreads'!D14 -> SCREENSHOT.ORCLE.5Y
A15: 46185 | B15: CoreWeave | C15: ='Derived 5Y Spreads'!G15 -> 501.43 | D15: =C15-'Derived 5Y Spreads'!G9 -> -4.28 | E15: =IFERROR(NA(),"") | F15: =IFERROR(NA(),"") | G15: ='Derived 5Y Spreads'!E15 | H15: ='Derived 5Y Spreads'!O15 -> stale | I15: ='Derived 5Y Spreads'!A15 -> screenshot-reference-20260824-v1 | J15: ='Derived 5Y Spreads'!D15 -> SCREENSHOT.COREWEI.5Y
A16: 46185 | B16: Amazon | C16: ='Derived 5Y Spreads'!G16 -> 50.71 | D16: =C16-'Derived 5Y Spreads'!G10 -> -0.15 | E16: =IFERROR(NA(),"") | F16: =IFERROR(NA(),"") | G16: ='Derived 5Y Spreads'!E16 | H16: ='Derived 5Y Spreads'!O16 -> stale | I16: ='Derived 5Y Spreads'!A16 -> screenshot-reference-20260824-v1 | J16: ='Derived 5Y Spreads'!D16 -> SCREENSHOT.AMZN.5Y
A17: 46185 | B17: Google | C17: ='Derived 5Y Spreads'!G17 -> 49.71 | D17: =C17-'Derived 5Y Spreads'!G11 -> -0.15 | E17: =IFERROR(NA(),"") | F17: =IFERROR(NA(),"") | G17: ='Derived 5Y Spreads'!E17 | H17: ='Derived 5Y Spreads'!O17 -> stale | I17: ='Derived 5Y Spreads'!A17 -> screenshot-reference-20260824-v1 | J17: ='Derived 5Y Spreads'!D17 -> SCREENSHOT.ALPHINC.5Y
A18: 46185 | B18: Microsoft | C18: ='Derived 5Y Spreads'!G18 -> 38.71 | D18: =C18-'Derived 5Y Spreads'!G12 -> -0.15 | E18: =IFERROR(NA(),"") | F18: =IFERROR(NA(),"") | G18: ='Derived 5Y Spreads'!E18 | H18: ='Derived 5Y Spreads'!O18 -> stale | I18: ='Derived 5Y Spreads'!A18 -> screenshot-reference-20260824-v1 | J18: ='Derived 5Y Spreads'!D18 -> SCREENSHOT.MSFT.5Y
A19: 46185 | B19: Meta | C19: ='Derived 5Y Spreads'!G19 -> 70.43 | D19: =C19-'Derived 5Y Spreads'!G13 -> -0.28 | E19: =IFERROR(NA(),"") | F19: =IFERROR(NA(),"") | G19: ='Derived 5Y Spreads'!E19 | H19: ='Derived 5Y Spreads'!O19 -> stale | I19: ='Derived 5Y Spreads'!A19 -> screenshot-reference-20260824-v1 | J19: ='Derived 5Y Spreads'!D19 -> SCREENSHOT.METAPL.5Y
... A31: 46189 | B31: Meta | C31: ='Derived 5Y Spreads'!G31 -> 69.29 | D31: =C31-'Derived 5Y Spreads'!G25 -> -0.28 | E31: =IFERROR(NA(),"") | F31: =IFERROR(NA(),"") | G31: ='Derived 5Y Spreads'!E31 | H31: ='Derived 5Y Spreads'!O31 -> stale | I31: ='Derived 5Y Spreads'!A31 -> screenshot-reference-20260824-v1 | J31: ='Derived 5Y Spreads'!D31 -> SCREENSHOT.METAPL.5Y
A32: 46190 | B32: Oracle | C32: ='Derived 5Y Spreads'!G32 -> 155.71 | D32: =C32-'Derived 5Y Spreads'!G26 -> 0.85 | E32: =C32-'Derived 5Y Spreads'!G2 -> -4.29 | F32: =IFERROR(NA(),"") | G32: ='Derived 5Y Spreads'!E32 | H32: ='Derived 5Y Spreads'!O32 -> stale | I32: ='Derived 5Y Spreads'!A32 -> screenshot-reference-20260824-v1 | J32: ='Derived 5Y Spreads'!D32 -> SCREENSHOT.ORCLE.5Y
A33: 46190 | B33: CoreWeave | C33: ='Derived 5Y Spreads'!G33 -> 480 | D33: =C33-'Derived 5Y Spreads'!G27 -> -4.29 | E33: =C33-'Derived 5Y Spreads'!G3 -> -30 | F33: =IFERROR(NA(),"") | G33: ='Derived 5Y Spreads'!E33 | H33: ='Derived 5Y Spreads'!O33 -> stale | I33: ='Derived 5Y Spreads'!A33 -> screenshot-reference-20260824-v1 | J33: ='Derived 5Y Spreads'!D33 -> SCREENSHOT.COREWEI.5Y
A34: 46190 | B34: Amazon | C34: ='Derived 5Y Spreads'!G34 -> 50 | D34: =C34-'Derived 5Y Spreads'!G28 -> -0.14 | E34: =C34-'Derived 5Y Spreads'!G4 -> -1 | F34: =IFERROR(NA(),"") | G34: ='Derived 5Y Spreads'!E34 | H34: ='Derived 5Y Spreads'!O34 -> stale | I34: ='Derived 5Y Spreads'!A34 -> screenshot-reference-20260824-v1 | J34: ='Derived 5Y Spreads'!D34 -> SCREENSHOT.AMZN.5Y
A35: 46190 | B35: Google | C35: ='Derived 5Y Spreads'!G35 -> 49 | D35: =C35-'Derived 5Y Spreads'!G29 -> -0.14 | E35: =C35-'Derived 5Y Spreads'!G5 -> -1 | F35: =IFERROR(NA(),"") | G35: ='Derived 5Y Spreads'!E35 | H35: ='Derived 5Y Spreads'!O35 -> stale | I35: ='Derived 5Y Spreads'!A35 -> screenshot-reference-20260824-v1 | J35: ='Derived 5Y Spreads'!D35 -> SCREENSHOT.ALPHINC.5Y
A36: 46190 | B36: Microsoft | C36: ='Derived 5Y Spreads'!G36 -> 38 | D36: =C36-'Derived 5Y Spreads'!G30 -> -0.14 | E36: =C36-'Derived 5Y Spreads'!G6 -> -1 | F36: =IFERROR(NA(),"") | G36: ='Derived 5Y Spreads'!E36 | H36: ='Derived 5Y Spreads'!O36 -> stale | I36: ='Derived 5Y Spreads'!A36 -> screenshot-reference-20260824-v1 | J36: ='Derived 5Y Spreads'!D36 -> SCREENSHOT.MSFT.5Y
A37: 46190 | B37: Meta | C37: ='Derived 5Y Spreads'!G37 -> 69 | D37: =C37-'Derived 5Y Spreads'!G31 -> -0.29 | E37: =C37-'Derived 5Y Spreads'!G7 -> -2 | F37: =IFERROR(NA(),"") | G37: ='Derived 5Y Spreads'!E37 | H37: ='Derived 5Y Spreads'!O37 -> stale | I37: ='Derived 5Y Spreads'!A37 -> screenshot-reference-20260824-v1 | J37: ='Derived 5Y Spreads'!D37 -> SCREENSHOT.METAPL.5Y
A38: 46191 | B38: Oracle | C38: ='Derived 5Y Spreads'!G38 -> 156.57 | D38: =C38-'Derived 5Y Spreads'!G32 -> 0.86 | E38: =C38-'Derived 5Y Spreads'!G8 -> -2.23 | F38: =IFERROR(NA(),"") | G38: ='Derived 5Y Spreads'!E38 | H38: ='Derived 5Y Spreads'!O38 -> stale | I38: ='Derived 5Y Spreads'!A38 -> screenshot-reference-20260824-v1 | J38: ='Derived 5Y Spreads'!D38 -> SCREENSHOT.ORCLE.5Y
A39: 46191 | B39: CoreWeave | C39: ='Derived 5Y Spreads'!G39 -> 490.71 | D39: =C39-'Derived 5Y Spreads'!G33 -> 10.71 | E39: =C39-'Derived 5Y Spreads'!G9 -> -15 | F39: =IFERROR(NA(),"") | G39: ='Derived 5Y Spreads'!E39 | H39: ='Derived 5Y Spreads'!O39 -> stale | I39: ='Derived 5Y Spreads'!A39 -> screenshot-reference-20260824-v1 | J39: ='Derived 5Y Spreads'!D39 -> SCREENSHOT.COREWEI.5Y
A40: 46191 | B40: Amazon | C40: ='Derived 5Y Spreads'!G40 -> 50.57 | D40: =C40-'Derived 5Y Spreads'!G34 -> 0.57 | E40: =C40-'Derived 5Y Spreads'!G10 -> -0.29 | F40: =IFERROR(NA(),"") | G40: ='Derived 5Y Spreads'!E40 | H40: ='Derived 5Y Spreads'!O40 -> stale | I40: ='Derived 5Y Spreads'!A40 -> screenshot-reference-20260824-v1 | J40: ='Derived 5Y Spreads'!D40 -> SCREENSHOT.AMZN.5Y
A41: 46191 | B41: Google | C41: ='Derived 5Y Spreads'!G41 -> 49.43 | D41: =C41-'Derived 5Y Spreads'!G35 -> 0.43 | E41: =C41-'Derived 5Y Spreads'!G11 -> -0.43 | F41: =IFERROR(NA(),"") | G41: ='Derived 5Y Spreads'!E41 | H41: ='Derived 5Y Spreads'!O41 -> stale | I41: ='Derived 5Y Spreads'!A41 -> screenshot-reference-20260824-v1 | J41: ='Derived 5Y Spreads'!D41 -> SCREENSHOT.ALPHINC.5Y
A42: 46191 | B42: Microsoft | C42: ='Derived 5Y Spreads'!G42 -> 38.29 | D42: =C42-'Derived 5Y Spreads'!G36 -> 0.29 | E42: =C42-'Derived 5Y Spreads'!G12 -> -0.57 | F42: =IFERROR(NA(),"") | G42: ='Derived 5Y Spreads'!E42 | H42: ='Derived 5Y Spreads'!O42 -> stale | I42: ='Derived 5Y Spreads'!A42 -> screenshot-reference-20260824-v1 | J42: ='Derived 5Y Spreads'!D42 -> SCREENSHOT.MSFT.5Y
A43: 46191 | B43: Meta | C43: ='Derived 5Y Spreads'!G43 -> 69.29 | D43: =C43-'Derived 5Y Spreads'!G37 -> 0.29 | E43: =C43-'Derived 5Y Spreads'!G13 -> -1.42 | F43: =IFERROR(NA(),"") | G43: ='Derived 5Y Spreads'!E43 | H43: ='Derived 5Y Spreads'!O43 -> stale | I43: ='Derived 5Y Spreads'!A43 -> screenshot-reference-20260824-v1 | J43: ='Derived 5Y Spreads'!D43 -> SCREENSHOT.METAPL.5Y
... A51: 46195 | B51: CoreWeave | C51: ='Derived 5Y Spreads'!G51 -> 533.57 | D51: =C51-'Derived 5Y Spreads'!G45 -> 32.14 | E51: =C51-'Derived 5Y Spreads'!G21 -> 45 | F51: =IFERROR(NA(),"") | G51: ='Derived 5Y Spreads'!E51 | H51: ='Derived 5Y Spreads'!O51 -> stale | I51: ='Derived 5Y Spreads'!A51 -> screenshot-reference-20260824-v1 | J51: ='Derived 5Y Spreads'!D51 -> SCREENSHOT.COREWEI.5Y
A52: 46195 | B52: NVIDIA | C52: ='Derived 5Y Spreads'!G52 -> 40 | D52: =IFERROR(NA(),"") | E52: =IFERROR(NA(),"") | F52: =IFERROR(NA(),"") | G52: ='Derived 5Y Spreads'!E52 | H52: ='Derived 5Y Spreads'!O52 -> stale | I52: ='Derived 5Y Spreads'!A52 -> screenshot-reference-20260824-v1 | J52: ='Derived 5Y Spreads'!D52 -> SCREENSHOT.NVIDIA.5Y
A53: 46195 | B53: Amazon | C53: ='Derived 5Y Spreads'!G53 -> 52.86 | D53: =C53-'Derived 5Y Spreads'!G46 -> 1.72 | E53: =C53-'Derived 5Y Spreads'!G22 -> 2.57 | F53: =IFERROR(NA(),"") | G53: ='Derived 5Y Spreads'!E53 | H53: ='Derived 5Y Spreads'!O53 -> stale | I53: ='Derived 5Y Spreads'!A53 -> screenshot-reference-20260824-v1 | J53: ='Derived 5Y Spreads'!D53 -> SCREENSHOT.AMZN.5Y
A54: 46195 | B54: Google | C54: ='Derived 5Y Spreads'!G54 -> 51.14 | D54: =C54-'Derived 5Y Spreads'!G47 -> 1.28 | E54: =C54-'Derived 5Y Spreads'!G23 -> 1.85 | F54: =IFERROR(NA(),"") | G54: ='Derived 5Y Spreads'!E54 | H54: ='Derived 5Y Spreads'!O54 -> stale | I54: ='Derived 5Y Spreads'!A54 -> screenshot-reference-20260824-v1 | J54: ='Derived 5Y Spreads'!D54 -> SCREENSHOT.ALPHINC.5Y
A55: 46195 | B55: Microsoft | C55: ='Derived 5Y Spreads'!G55 -> 39.43 | D55: =C55-'Derived 5Y Spreads'!G48 -> 0.86 | E55: =C55-'Derived 5Y Spreads'!G24 -> 1.14 | F55: =IFERROR(NA(),"") | G55: ='Derived 5Y Spreads'!E55 | H55: ='Derived 5Y Spreads'!O55 -> stale | I55: ='Derived 5Y Spreads'!A55 -> screenshot-reference-20260824-v1 | J55: ='Derived 5Y Spreads'!D55 -> SCREENSHOT.MSFT.5Y
A56: 46195 | B56: Meta | C56: ='Derived 5Y Spreads'!G56 -> 70.43 | D56: =C56-'Derived 5Y Spreads'!G49 -> 0.86 | E56: =C56-'Derived 5Y Spreads'!G25 -> 0.86 | F56: =IFERROR(NA(),"") | G56: ='Derived 5Y Spreads'!E56 | H56: ='Derived 5Y Spreads'!O56 -> stale | I56: ='Derived 5Y Spreads'!A56 -> screenshot-reference-20260824-v1 | J56: ='Derived 5Y Spreads'!D56 -> SCREENSHOT.METAPL.5Y
A57: 46196 | B57: Oracle | C57: ='Derived 5Y Spreads'!G57 -> 161.57 | D57: =C57-'Derived 5Y Spreads'!G50 -> 1.57 | E57: =C57-'Derived 5Y Spreads'!G26 -> 6.71 | F57: =IFERROR(NA(),"") | G57: ='Derived 5Y Spreads'!E57 | H57: ='Derived 5Y Spreads'!O57 -> stale | I57: ='Derived 5Y Spreads'!A57 -> screenshot-reference-20260824-v1 | J57: ='Derived 5Y Spreads'!D57 -> SCREENSHOT.ORCLE.5Y
A58: 46196 | B58: CoreWeave | C58: ='Derived 5Y Spreads'!G58 -> 544.29 | D58: =C58-'Derived 5Y Spreads'!G51 -> 10.72 | E58: =C58-'Derived 5Y Spreads'!G27 -> 60 | F58: =IFERROR(NA(),"") | G58: ='Derived 5Y Spreads'!E58 | H58: ='Derived 5Y Spreads'!O58 -> stale | I58: ='Derived 5Y Spreads'!A58 -> screenshot-reference-20260824-v1 | J58: ='Derived 5Y Spreads'!D58 -> SCREENSHOT.COREWEI.5Y
A59: 46196 | B59: NVIDIA | C59: ='Derived 5Y Spreads'!G59 -> 40.86 | D59: =C59-'Derived 5Y Spreads'!G52 -> 0.86 | E59: =IFERROR(NA(),"") | F59: =IFERROR(NA(),"") | G59: ='Derived 5Y Spreads'!E59 | H59: ='Derived 5Y Spreads'!O59 -> stale | I59: ='Derived 5Y Spreads'!A59 -> screenshot-reference-20260824-v1 | J59: ='Derived 5Y Spreads'!D59 -> SCREENSHOT.NVIDIA.5Y
A60: 46196 | B60: Amazon | C60: ='Derived 5Y Spreads'!G60 -> 53.43 | D60: =C60-'Derived 5Y Spreads'!G53 -> 0.57 | E60: =C60-'Derived 5Y Spreads'!G28 -> 3.29 | F60: =IFERROR(NA(),"") | G60: ='Derived 5Y Spreads'!E60 | H60: ='Derived 5Y Spreads'!O60 -> stale | I60: ='Derived 5Y Spreads'!A60 -> screenshot-reference-20260824-v1 | J60: ='Derived 5Y Spreads'!D60 -> SCREENSHOT.AMZN.5Y
A61: 46196 | B61: Google | C61: ='Derived 5Y Spreads'!G61 -> 51.57 | D61: =C61-'Derived 5Y Spreads'!G54 -> 0.43 | E61: =C61-'Derived 5Y Spreads'!G29 -> 2.43 | F61: =IFERROR(NA(),"") | G61: ='Derived 5Y Spreads'!E61 | H61: ='Derived 5Y Spreads'!O61 -> stale | I61: ='Derived 5Y Spreads'!A61 -> screenshot-reference-20260824-v1 | J61: ='Derived 5Y Spreads'!D61 -> SCREENSHOT.ALPHINC.5Y
A62: 46196 | B62: Microsoft | C62: ='Derived 5Y Spreads'!G62 -> 39.71 | D62: =C62-'Derived 5Y Spreads'!G55 -> 0.28 | E62: =C62-'Derived 5Y Spreads'!G30 -> 1.57 | F62: =IFERROR(NA(),"") | G62: ='Derived 5Y Spreads'!E62 | H62: ='Derived 5Y Spreads'!O62 -> stale | I62: ='Derived 5Y Spreads'!A62 -> screenshot-reference-20260824-v1 | J62: ='Derived 5Y Spreads'!D62 -> SCREENSHOT.MSFT.5Y
A63: 46196 | B63: Meta | C63: ='Derived 5Y Spreads'!G63 -> 70.71 | D63: =C63-'Derived 5Y Spreads'!G56 -> 0.28 | E63: =C63-'Derived 5Y Spreads'!G31 -> 1.42 | F63: =IFERROR(NA(),"") | G63: ='Derived 5Y Spreads'!E63 | H63: ='Derived 5Y Spreads'!O63 -> stale | I63: ='Derived 5Y Spreads'!A63 -> screenshot-reference-20260824-v1 | J63: ='Derived 5Y Spreads'!D63 -> SCREENSHOT.METAPL.5Y
A64: 46197 | B64: Oracle | C64: ='Derived 5Y Spreads'!G64 -> 163.14 | D64: =C64-'Derived 5Y Spreads'!G57 -> 1.57 | E64: =C64-'Derived 5Y Spreads'!G32 -> 7.43 | F64: =IFERROR(NA(),"") | G64: ='Derived 5Y Spreads'!E64 | H64: ='Derived 5Y Spreads'!O64 -> stale | I64: ='Derived 5Y Spreads'!A64 -> screenshot-reference-20260824-v1 | J64: ='Derived 5Y Spreads'!D64 -> SCREENSHOT.ORCLE.5Y
A65: 46197 | B65: CoreWeave | C65: ='Derived 5Y Spreads'!G65 -> 555 | D65: =C65-'Derived 5Y Spreads'!G58 -> 10.71 | E65: =C65-'Derived 5Y Spreads'!G33 -> 75 | F65: =IFERROR(NA(),"") | G65: ='Derived 5Y Spreads'!E65 | H65: ='Derived 5Y Spreads'!O65 -> stale | I65: ='Derived 5Y Spreads'!A65 -> screenshot-reference-20260824-v1 | J65: ='Derived 5Y Spreads'!D65 -> SCREENSHOT.COREWEI.5Y
A66: 46197 | B66: NVIDIA | C66: ='Derived 5Y Spreads'!G66 -> 41.71 | D66: =C66-'Derived 5Y Spreads'!G59 -> 0.85 | E66: =IFERROR(NA(),"") | F66: =IFERROR(NA(),"") | G66: ='Derived 5Y Spreads'!E66 | H66: ='Derived 5Y Spreads'!O66 -> stale | I66: ='Derived 5Y Spreads'!A66 -> screenshot-reference-20260824-v1 | J66: ='Derived 5Y Spreads'!D66 -> SCREENSHOT.NVIDIA.5Y
A67: 46197 | B67: Amazon | C67: ='Derived 5Y Spreads'!G67 -> 54 | D67: =C67-'Derived 5Y Spreads'!G60 -> 0.57 | E67: =C67-'Derived 5Y Spreads'!G34 -> 4 | F67: =IFERROR(NA(),"") | G67: ='Derived 5Y Spreads'!E67 | H67: ='Derived 5Y Spreads'!O67 -> stale | I67: ='Derived 5Y Spreads'!A67 -> screenshot-reference-20260824-v1 | J67: ='Derived 5Y Spreads'!D67 -> SCREENSHOT.AMZN.5Y
A68: 46197 | B68: Google | C68: ='Derived 5Y Spreads'!G68 -> 52 | D68: =C68-'Derived 5Y Spreads'!G61 -> 0.43 | E68: =C68-'Derived 5Y Spreads'!G35 -> 3 | F68: =IFERROR(NA(),"") | G68: ='Derived 5Y Spreads'!E68 | H68: ='Derived 5Y Spreads'!O68 -> stale | I68: ='Derived 5Y Spreads'!A68 -> screenshot-reference-20260824-v1 | J68: ='Derived 5Y Spreads'!D68 -> SCREENSHOT.ALPHINC.5Y
A69: 46197 | B69: Microsoft | C69: ='Derived 5Y Spreads'!G69 -> 40 | D69: =C69-'Derived 5Y Spreads'!G62 -> 0.29 | E69: =C69-'Derived 5Y Spreads'!G36 -> 2 | F69: =IFERROR(NA(),"") | G69: ='Derived 5Y Spreads'!E69 | H69: ='Derived 5Y Spreads'!O69 -> stale | I69: ='Derived 5Y Spreads'!A69 -> screenshot-reference-20260824-v1 | J69: ='Derived 5Y Spreads'!D69 -> SCREENSHOT.MSFT.5Y
A70: 46197 | B70: Meta | C70: ='Derived 5Y Spreads'!G70 -> 71 | D70: =C70-'Derived 5Y Spreads'!G63 -> 0.29 | E70: =C70-'Derived 5Y Spreads'!G37 -> 2 | F70: =IFERROR(NA(),"") | G70: ='Derived 5Y Spreads'!E70 | H70: ='Derived 5Y Spreads'!O70 -> stale | I70: ='Derived 5Y Spreads'!A70 -> screenshot-reference-20260824-v1 | J70: ='Derived 5Y Spreads'!D70 -> SCREENSHOT.METAPL.5Y
A71: 46198 | B71: Oracle | C71: ='Derived 5Y Spreads'!G71 -> 164.71 | D71: =C71-'Derived 5Y Spreads'!G64 -> 1.57 | E71: =C71-'Derived 5Y Spreads'!G38 -> 8.14 | F71: =IFERROR(NA(),"") | G71: ='Derived 5Y Spreads'!E71 | H71: ='Derived 5Y Spreads'!O71 -> stale | I71: ='Derived 5Y Spreads'!A71 -> screenshot-reference-20260824-v1 | J71: ='Derived 5Y Spreads'!D71 -> SCREENSHOT.ORCLE.5Y
A72: 46198 | B72: CoreWeave | C72: ='Derived 5Y Spreads'!G72 -> 554 | D72: =C72-'Derived 5Y Spreads'!G65 -> -1 | E72: =C72-'Derived 5Y Spreads'!G39 -> 63.29 | F72: =IFERROR(NA(),"") | G72: ='Derived 5Y Spreads'!E72 | H72: ='Derived 5Y Spreads'!O72 -> stale | I72: ='Derived 5Y Spreads'!A72 -> screenshot-reference-20260824-v1 | J72: ='Derived 5Y Spreads'!D72 -> SCREENSHOT.COREWEI.5Y
A73: 46198 | B73: NVIDIA | C73: ='Derived 5Y Spreads'!G73 -> 42.57 | D73: =C73-'Derived 5Y Spreads'!G66 -> 0.86 | E73: =IFERROR(NA(),"") | F73: =IFERROR(NA(),"") | G73: ='Derived 5Y Spreads'!E73 | H73: ='Derived 5Y Spreads'!O73 -> stale | I73: ='Derived 5Y Spreads'!A73 -> screenshot-reference-20260824-v1 | J73: ='Derived 5Y Spreads'!D73 -> SCREENSHOT.NVIDIA.5Y
A74: 46198 | B74: Amazon | C74: ='Derived 5Y Spreads'!G74 -> 54.13 | D74: =C74-'Derived 5Y Spreads'!G67 -> 0.13 | E74: =C74-'Derived 5Y Spreads'!G40 -> 3.56 | F74: =IFERROR(NA(),"") | G74: ='Derived 5Y Spreads'!E74 | H74: ='Derived 5Y Spreads'!O74 -> stale | I74: ='Derived 5Y Spreads'!A74 -> screenshot-reference-20260824-v1 | J74: ='Derived 5Y Spreads'!D74 -> SCREENSHOT.AMZN.5Y
A75: 46198 | B75: Google | C75: ='Derived 5Y Spreads'!G75 -> 52.29 | D75: =C75-'Derived 5Y Spreads'!G68 -> 0.29 | E75: =C75-'Derived 5Y Spreads'!G41 -> 2.86 | F75: =IFERROR(NA(),"") | G75: ='Derived 5Y Spreads'!E75 | H75: ='Derived 5Y Spreads'!O75 -> stale | I75: ='Derived 5Y Spreads'!A75 -> screenshot-reference-20260824-v1 | J75: ='Derived 5Y Spreads'!D75 -> SCREENSHOT.ALPHINC.5Y
A76: 46198 | B76: Microsoft | C76: ='Derived 5Y Spreads'!G76 -> 40.4 | D76: =C76-'Derived 5Y Spreads'!G69 -> 0.4 | E76: =C76-'Derived 5Y Spreads'!G42 -> 2.11 | F76: =IFERROR(NA(),"") | G76: ='Derived 5Y Spreads'!E76 | H76: ='Derived 5Y Spreads'!O76 -> stale | I76: ='Derived 5Y Spreads'!A76 -> screenshot-reference-20260824-v1 | J76: ='Derived 5Y Spreads'!D76 -> SCREENSHOT.MSFT.5Y
A77: 46198 | B77: Meta | C77: ='Derived 5Y Spreads'!G77 -> 70.63 | D77: =C77-'Derived 5Y Spreads'!G70 -> -0.37 | E77: =C77-'Derived 5Y Spreads'!G43 -> 1.34 | F77: =IFERROR(NA(),"") | G77: ='Derived 5Y Spreads'!E77 | H77: ='Derived 5Y Spreads'!O77 -> stale | I77: ='Derived 5Y Spreads'!A77 -> screenshot-reference-20260824-v1 | J77: ='Derived 5Y Spreads'!D77 -> SCREENSHOT.METAPL.5Y
A78: 46199 | B78: Oracle | C78: ='Derived 5Y Spreads'!G78 -> 166.29 | D78: =C78-'Derived 5Y Spreads'!G71 -> 1.58 | E78: =C78-'Derived 5Y Spreads'!G44 -> 8.86 | F78: =IFERROR(NA(),"") | G78: ='Derived 5Y Spreads'!E78 | H78: ='Derived 5Y Spreads'!O78 -> stale | I78: ='Derived 5Y Spreads'!A78 -> screenshot-reference-20260824-v1 | J78: ='Derived 5Y Spreads'!D78 -> SCREENSHOT.ORCLE.5Y
A79: 46199 | B79: CoreWeave | C79: ='Derived 5Y Spreads'!G79 -> 553 | D79: =C79-'Derived 5Y Spreads'!G72 -> -1 | E79: =C79-'Derived 5Y Spreads'!G45 -> 51.57 | F79: =IFERROR(NA(),"") | G79: ='Derived 5Y Spreads'!E79 | H79: ='Derived 5Y Spreads'!O79 -> stale | I79: ='Derived 5Y Spreads'!A79 -> screenshot-reference-20260824-v1 | J79: ='Derived 5Y Spreads'!D79 -> SCREENSHOT.COREWEI.5Y
A80: 46199 | B80: NVIDIA | C80: ='Derived 5Y Spreads'!G80 -> 43.43 | D80: =C80-'Derived 5Y Spreads'!G73 -> 0.86 | E80: =IFERROR(NA(),"") | F80: =IFERROR(NA(),"") | G80: ='Derived 5Y Spreads'!E80 | H80: ='Derived 5Y Spreads'!O80 -> stale | I80: ='Derived 5Y Spreads'!A80 -> screenshot-reference-20260824-v1 | J80: ='Derived 5Y Spreads'!D80 -> SCREENSHOT.NVIDIA.5Y
A81: 46199 | B81: Amazon | C81: ='Derived 5Y Spreads'!G81 -> 54.25 | D81: =C81-'Derived 5Y Spreads'!G74 -> 0.12 | E81: =C81-'Derived 5Y Spreads'!G46 -> 3.11 | F81: =IFERROR(NA(),"") | G81: ='Derived 5Y Spreads'!E81 | H81: ='Derived 5Y Spreads'!O81 -> stale | I81: ='Derived 5Y Spreads'!A81 -> screenshot-reference-20260824-v1 | J81: ='Derived 5Y Spreads'!D81 -> SCREENSHOT.AMZN.5Y
A82: 46199 | B82: Google | C82: ='Derived 5Y Spreads'!G82 -> 52.57 | D82: =C82-'Derived 5Y Spreads'!G75 -> 0.28 | E82: =C82-'Derived 5Y Spreads'!G47 -> 2.71 | F82: =IFERROR(NA(),"") | G82: ='Derived 5Y Spreads'!E82 | H82: ='Derived 5Y Spreads'!O82 -> stale | I82: ='Derived 5Y Spreads'!A82 -> screenshot-reference-20260824-v1 | J82: ='Derived 5Y Spreads'!D82 -> SCREENSHOT.ALPHINC.5Y
A83: 46199 | B83: Microsoft | C83: ='Derived 5Y Spreads'!G83 -> 40.8 | D83: =C83-'Derived 5Y Spreads'!G76 -> 0.4 | E83: =C83-'Derived 5Y Spreads'!G48 -> 2.23 | F83: =IFERROR(NA(),"") | G83: ='Derived 5Y Spreads'!E83 | H83: ='Derived 5Y Spreads'!O83 -> stale | I83: ='Derived 5Y Spreads'!A83 -> screenshot-reference-20260824-v1 | J83: ='Derived 5Y Spreads'!D83 -> SCREENSHOT.MSFT.5Y
A84: 46199 | B84: Meta | C84: ='Derived 5Y Spreads'!G84 -> 70.25 | D84: =C84-'Derived 5Y Spreads'!G77 -> -0.38 | E84: =C84-'Derived 5Y Spreads'!G49 -> 0.68 | F84: =IFERROR(NA(),"") | G84: ='Derived 5Y Spreads'!E84 | H84: ='Derived 5Y Spreads'!O84 -> stale | I84: ='Derived 5Y Spreads'!A84 -> screenshot-reference-20260824-v1 | J84: ='Derived 5Y Spreads'!D84 -> SCREENSHOT.METAPL.5Y
A85: 46202 | B85: Oracle | C85: ='Derived 5Y Spreads'!G85 -> 171 | D85: =C85-'Derived 5Y Spreads'!G78 -> 4.71 | E85: =C85-'Derived 5Y Spreads'!G50 -> 11 | F85: =IFERROR(NA(),"") | G85: ='Derived 5Y Spreads'!E85 | H85: ='Derived 5Y Spreads'!O85 -> stale | I85: ='Derived 5Y Spreads'!A85 -> screenshot-reference-20260824-v1 | J85: ='Derived 5Y Spreads'!D85 -> SCREENSHOT.ORCLE.5Y
A86: 46202 | B86: CoreWeave | C86: ='Derived 5Y Spreads'!G86 -> 550 | D86: =C86-'Derived 5Y Spreads'!G79 -> -3 | E86: =C86-'Derived 5Y Spreads'!G51 -> 16.43 | F86: =IFERROR(NA(),"") | G86: ='Derived 5Y Spreads'!E86 | H86: ='Derived 5Y Spreads'!O86 -> stale | I86: ='Derived 5Y Spreads'!A86 -> screenshot-reference-20260824-v1 | J86: ='Derived 5Y Spreads'!D86 -> SCREENSHOT.COREWEI.5Y
A87: 46202 | B87: NVIDIA | C87: ='Derived 5Y Spreads'!G87 -> 46 | D87: =C87-'Derived 5Y Spreads'!G80 -> 2.57 | E87: =C87-'Derived 5Y Spreads'!G52 -> 6 | F87: =IFERROR(NA(),"") | G87: ='Derived 5Y Spreads'!E87 | H87: ='Derived 5Y Spreads'!O87 -> stale | I87: ='Derived 5Y Spreads'!A87 -> screenshot-reference-20260824-v1 | J87: ='Derived 5Y Spreads'!D87 -> SCREENSHOT.NVIDIA.5Y
A88: 46202 | B88: Amazon | C88: ='Derived 5Y Spreads'!G88 -> 54.63 | D88: =C88-'Derived 5Y Spreads'!G81 -> 0.38 | E88: =C88-'Derived 5Y Spreads'!G53 -> 1.77 | F88: =IFERROR(NA(),"") | G88: ='Derived 5Y Spreads'!E88 | H88: ='Derived 5Y Spreads'!O88 -> stale | I88: ='Derived 5Y Spreads'!A88 -> screenshot-reference-20260824-v1 | J88: ='Derived 5Y Spreads'!D88 -> SCREENSHOT.AMZN.5Y
A89: 46202 | B89: Google | C89: ='Derived 5Y Spreads'!G89 -> 53.43 | D89: =C89-'Derived 5Y Spreads'!G82 -> 0.86 | E89: =C89-'Derived 5Y Spreads'!G54 -> 2.29 | F89: =IFERROR(NA(),"") | G89: ='Derived 5Y Spreads'!E89 | H89: ='Derived 5Y Spreads'!O89 -> stale | I89: ='Derived 5Y Spreads'!A89 -> screenshot-reference-20260824-v1 | J89: ='Derived 5Y Spreads'!D89 -> SCREENSHOT.ALPHINC.5Y
A90: 46202 | B90: Microsoft | C90: ='Derived 5Y Spreads'!G90 -> 42 | D90: =C90-'Derived 5Y Spreads'!G83 -> 1.2 | E90: =C90-'Derived 5Y Spreads'!G55 -> 2.57 | F90: =IFERROR(NA(),"") | G90: ='Derived 5Y Spreads'!E90 | H90: ='Derived 5Y Spreads'!O90 -> stale | I90: ='Derived 5Y Spreads'!A90 -> screenshot-reference-20260824-v1 | J90: ='Derived 5Y Spreads'!D90 -> SCREENSHOT.MSFT.5Y
A91: 46202 | B91: Meta | C91: ='Derived 5Y Spreads'!G91 -> 69.13 | D91: =C91-'Derived 5Y Spreads'!G84 -> -1.12 | E91: =C91-'Derived 5Y Spreads'!G56 -> -1.3 | F91: =IFERROR(NA(),"") | G91: ='Derived 5Y Spreads'!E91 | H91: ='Derived 5Y Spreads'!O91 -> stale | I91: ='Derived 5Y Spreads'!A91 -> screenshot-reference-20260824-v1 | J91: ='Derived 5Y Spreads'!D91 -> SCREENSHOT.METAPL.5Y
A92: 46203 | B92: Oracle | C92: ='Derived 5Y Spreads'!G92 -> 170.71 | D92: =C92-'Derived 5Y Spreads'!G85 -> -0.29 | E92: =C92-'Derived 5Y Spreads'!G57 -> 9.14 | F92: =IFERROR(NA(),"") | G92: ='Derived 5Y Spreads'!E92 | H92: ='Derived 5Y Spreads'!O92 -> stale | I92: ='Derived 5Y Spreads'!A92 -> screenshot-reference-20260824-v1 | J92: ='Derived 5Y Spreads'!D92 -> SCREENSHOT.ORCLE.5Y
... A147: 46212 | B147: Meta | C147: ='Derived 5Y Spreads'!G147 -> 73.29 | D147: =C147-'Derived 5Y Spreads'!G140 -> 1.43 | E147: =C147-'Derived 5Y Spreads'!G112 -> 5.29 | F147: =IFERROR(NA(),"") | G147: ='Derived 5Y Spreads'!E147 | H147: ='Derived 5Y Spreads'!O147 -> stale | I147: ='Derived 5Y Spreads'!A147 -> screenshot-reference-20260824-v1 | J147: ='Derived 5Y Spreads'!D147 -> SCREENSHOT.METAPL.5Y
A148: 46213 | B148: Oracle | C148: ='Derived 5Y Spreads'!G148 -> 179.29 | D148: =C148-'Derived 5Y Spreads'!G141 -> 2.58 | E148: =C148-'Derived 5Y Spreads'!G113 -> 9.43 | F148: =C148-'Derived 5Y Spreads'!G2 -> 19.29 | G148: ='Derived 5Y Spreads'!E148 | H148: ='Derived 5Y Spreads'!O148 -> stale | I148: ='Derived 5Y Spreads'!A148 -> screenshot-reference-20260824-v1 | J148: ='Derived 5Y Spreads'!D148 -> SCREENSHOT.ORCLE.5Y
A149: 46213 | B149: CoreWeave | C149: ='Derived 5Y Spreads'!G149 -> 575 | D149: =C149-'Derived 5Y Spreads'!G142 -> -12.5 | E149: =C149-'Derived 5Y Spreads'!G114 -> -12.5 | F149: =C149-'Derived 5Y Spreads'!G3 -> 65 | G149: ='Derived 5Y Spreads'!E149 | H149: ='Derived 5Y Spreads'!O149 -> stale | I149: ='Derived 5Y Spreads'!A149 -> screenshot-reference-20260824-v1 | J149: ='Derived 5Y Spreads'!D149 -> SCREENSHOT.COREWEI.5Y
A150: 46213 | B150: NVIDIA | C150: ='Derived 5Y Spreads'!G150 -> 49 | D150: =C150-'Derived 5Y Spreads'!G143 -> 2 | E150: =C150-'Derived 5Y Spreads'!G115 -> 3.44 | F150: =IFERROR(NA(),"") | G150: ='Derived 5Y Spreads'!E150 | H150: ='Derived 5Y Spreads'!O150 -> stale | I150: ='Derived 5Y Spreads'!A150 -> screenshot-reference-20260824-v1 | J150: ='Derived 5Y Spreads'!D150 -> SCREENSHOT.NVIDIA.5Y
A151: 46213 | B151: Amazon | C151: ='Derived 5Y Spreads'!G151 -> 57 | D151: =C151-'Derived 5Y Spreads'!G144 -> 1 | E151: =C151-'Derived 5Y Spreads'!G116 -> 2.5 | F151: =C151-'Derived 5Y Spreads'!G4 -> 6 | G151: ='Derived 5Y Spreads'!E151 | H151: ='Derived 5Y Spreads'!O151 -> stale | I151: ='Derived 5Y Spreads'!A151 -> screenshot-reference-20260824-v1 | J151: ='Derived 5Y Spreads'!D151 -> SCREENSHOT.AMZN.5Y
A152: 46213 | B152: Google | C152: ='Derived 5Y Spreads'!G152 -> 57 | D152: =C152-'Derived 5Y Spreads'!G145 -> 1 | E152: =C152-'Derived 5Y Spreads'!G117 -> 3.4 | F152: =C152-'Derived 5Y Spreads'!G5 -> 7 | G152: ='Derived 5Y Spreads'!E152 | H152: ='Derived 5Y Spreads'!O152 -> stale | I152: ='Derived 5Y Spreads'!A152 -> screenshot-reference-20260824-v1 | J152: ='Derived 5Y Spreads'!D152 -> SCREENSHOT.ALPHINC.5Y
A153: 46213 | B153: Microsoft | C153: ='Derived 5Y Spreads'!G153 -> 45 | D153: =C153-'Derived 5Y Spreads'!G146 -> 1 | E153: =C153-'Derived 5Y Spreads'!G118 -> 3.57 | F153: =C153-'Derived 5Y Spreads'!G6 -> 6 | G153: ='Derived 5Y Spreads'!E153 | H153: ='Derived 5Y Spreads'!O153 -> stale | I153: ='Derived 5Y Spreads'!A153 -> screenshot-reference-20260824-v1 | J153: ='Derived 5Y Spreads'!D153 -> SCREENSHOT.MSFT.5Y
A154: 46213 | B154: Meta | C154: ='Derived 5Y Spreads'!G154 -> 74.71 | D154: =C154-'Derived 5Y Spreads'!G147 -> 1.42 | E154: =C154-'Derived 5Y Spreads'!G119 -> 6.46 | F154: =C154-'Derived 5Y Spreads'!G7 -> 3.71 | G154: ='Derived 5Y Spreads'!E154 | H154: ='Derived 5Y Spreads'!O154 -> stale | I154: ='Derived 5Y Spreads'!A154 -> screenshot-reference-20260824-v1 | J154: ='Derived 5Y Spreads'!D154 -> SCREENSHOT.METAPL.5Y
A155: 46216 | B155: Oracle | C155: ='Derived 5Y Spreads'!G155 -> 187 | D155: =C155-'Derived 5Y Spreads'!G148 -> 7.71 | E155: =C155-'Derived 5Y Spreads'!G120 -> 18 | F155: =C155-'Derived 5Y Spreads'!G14 -> 29.4 | G155: ='Derived 5Y Spreads'!E155 | H155: ='Derived 5Y Spreads'!O155 -> stale | I155: ='Derived 5Y Spreads'!A155 -> screenshot-reference-20260824-v1 | J155: ='Derived 5Y Spreads'!D155 -> SCREENSHOT.ORCLE.5Y
A156: 46216 | B156: CoreWeave | C156: ='Derived 5Y Spreads'!G156 -> 620 | D156: =C156-'Derived 5Y Spreads'!G149 -> 45 | E156: =C156-'Derived 5Y Spreads'!G121 -> 25 | F156: =C156-'Derived 5Y Spreads'!G15 -> 118.57 | G156: ='Derived 5Y Spreads'!E156 | H156: ='Derived 5Y Spreads'!O156 -> stale | I156: ='Derived 5Y Spreads'!A156 -> screenshot-reference-20260824-v1 | J156: ='Derived 5Y Spreads'!D156 -> SCREENSHOT.COREWEI.5Y
A157: 46216 | B157: NVIDIA | C157: ='Derived 5Y Spreads'!G157 -> 55 | D157: =C157-'Derived 5Y Spreads'!G150 -> 6 | E157: =C157-'Derived 5Y Spreads'!G122 -> 9.78 | F157: =IFERROR(NA(),"") | G157: ='Derived 5Y Spreads'!E157 | H157: ='Derived 5Y Spreads'!O157 -> stale | I157: ='Derived 5Y Spreads'!A157 -> screenshot-reference-20260824-v1 | J157: ='Derived 5Y Spreads'!D157 -> SCREENSHOT.NVIDIA.5Y
A158: 46216 | B158: Amazon | C158: ='Derived 5Y Spreads'!G158 -> 60 | D158: =C158-'Derived 5Y Spreads'!G151 -> 3 | E158: =C158-'Derived 5Y Spreads'!G123 -> 7 | F158: =C158-'Derived 5Y Spreads'!G16 -> 9.29 | G158: ='Derived 5Y Spreads'!E158 | H158: ='Derived 5Y Spreads'!O158 -> stale | I158: ='Derived 5Y Spreads'!A158 -> screenshot-reference-20260824-v1 | J158: ='Derived 5Y Spreads'!D158 -> SCREENSHOT.AMZN.5Y
A159: 46216 | B159: Google | C159: ='Derived 5Y Spreads'!G159 -> 60 | D159: =C159-'Derived 5Y Spreads'!G152 -> 3 | E159: =C159-'Derived 5Y Spreads'!G124 -> 7 | F159: =C159-'Derived 5Y Spreads'!G17 -> 10.29 | G159: ='Derived 5Y Spreads'!E159 | H159: ='Derived 5Y Spreads'!O159 -> stale | I159: ='Derived 5Y Spreads'!A159 -> screenshot-reference-20260824-v1 | J159: ='Derived 5Y Spreads'!D159 -> SCREENSHOT.ALPHINC.5Y
A160: 46216 | B160: Microsoft | C160: ='Derived 5Y Spreads'!G160 -> 48 | D160: =C160-'Derived 5Y Spreads'!G153 -> 3 | E160: =C160-'Derived 5Y Spreads'!G125 -> 7 | F160: =C160-'Derived 5Y Spreads'!G18 -> 9.29 | G160: ='Derived 5Y Spreads'!E160 | H160: ='Derived 5Y Spreads'!O160 -> stale | I160: ='Derived 5Y Spreads'!A160 -> screenshot-reference-20260824-v1 | J160: ='Derived 5Y Spreads'!D160 -> SCREENSHOT.MSFT.5Y
A161: 46216 | B161: Meta | C161: ='Derived 5Y Spreads'!G161 -> 79 | D161: =C161-'Derived 5Y Spreads'!G154 -> 4.29 | E161: =C161-'Derived 5Y Spreads'!G126 -> 10 | F161: =C161-'Derived 5Y Spreads'!G19 -> 8.57 | G161: ='Derived 5Y Spreads'!E161 | H161: ='Derived 5Y Spreads'!O161 -> stale | I161: ='Derived 5Y Spreads'!A161 -> screenshot-reference-20260824-v1 | J161: ='Derived 5Y Spreads'!D161 -> SCREENSHOT.METAPL.5Y
A162: 46217 | B162: Oracle | C162: ='Derived 5Y Spreads'!G162 -> 187.14 | D162: =C162-'Derived 5Y Spreads'!G155 -> 0.14 | E162: =C162-'Derived 5Y Spreads'!G127 -> 15.57 | F162: =C162-'Derived 5Y Spreads'!G14 -> 29.54 | G162: ='Derived 5Y Spreads'!E162 | H162: ='Derived 5Y Spreads'!O162 -> stale | I162: ='Derived 5Y Spreads'!A162 -> screenshot-reference-20260824-v1 | J162: ='Derived 5Y Spreads'!D162 -> SCREENSHOT.ORCLE.5Y
A163: 46217 | B163: CoreWeave | C163: ='Derived 5Y Spreads'!G163 -> 635 | D163: =C163-'Derived 5Y Spreads'!G156 -> 15 | E163: =C163-'Derived 5Y Spreads'!G128 -> 37.5 | F163: =C163-'Derived 5Y Spreads'!G15 -> 133.57 | G163: ='Derived 5Y Spreads'!E163 | H163: ='Derived 5Y Spreads'!O163 -> stale | I163: ='Derived 5Y Spreads'!A163 -> screenshot-reference-20260824-v1 | J163: ='Derived 5Y Spreads'!D163 -> SCREENSHOT.COREWEI.5Y
A164: 46217 | B164: NVIDIA | C164: ='Derived 5Y Spreads'!G164 -> 57 | D164: =C164-'Derived 5Y Spreads'!G157 -> 2 | E164: =C164-'Derived 5Y Spreads'!G129 -> 11.89 | F164: =IFERROR(NA(),"") | G164: ='Derived 5Y Spreads'!E164 | H164: ='Derived 5Y Spreads'!O164 -> stale | I164: ='Derived 5Y Spreads'!A164 -> screenshot-reference-20260824-v1 | J164: ='Derived 5Y Spreads'!D164 -> SCREENSHOT.NVIDIA.5Y
A165: 46217 | B165: Amazon | C165: ='Derived 5Y Spreads'!G165 -> 59.25 | D165: =C165-'Derived 5Y Spreads'!G158 -> -0.75 | E165: =C165-'Derived 5Y Spreads'!G130 -> 5.25 | F165: =C165-'Derived 5Y Spreads'!G16 -> 8.54 | G165: ='Derived 5Y Spreads'!E165 | H165: ='Derived 5Y Spreads'!O165 -> stale | I165: ='Derived 5Y Spreads'!A165 -> screenshot-reference-20260824-v1 | J165: ='Derived 5Y Spreads'!D165 -> SCREENSHOT.AMZN.5Y
A166: 46217 | B166: Google | C166: ='Derived 5Y Spreads'!G166 -> 59.25 | D166: =C166-'Derived 5Y Spreads'!G159 -> -0.75 | E166: =C166-'Derived 5Y Spreads'!G131 -> 5.25 | F166: =C166-'Derived 5Y Spreads'!G17 -> 9.54 | G166: ='Derived 5Y Spreads'!E166 | H166: ='Derived 5Y Spreads'!O166 -> stale | I166: ='Derived 5Y Spreads'!A166 -> screenshot-reference-20260824-v1 | J166: ='Derived 5Y Spreads'!D166 -> SCREENSHOT.ALPHINC.5Y
A167: 46217 | B167: Microsoft | C167: ='Derived 5Y Spreads'!G167 -> 47.75 | D167: =C167-'Derived 5Y Spreads'!G160 -> -0.25 | E167: =C167-'Derived 5Y Spreads'!G132 -> 5.75 | F167: =C167-'Derived 5Y Spreads'!G18 -> 9.04 | G167: ='Derived 5Y Spreads'!E167 | H167: ='Derived 5Y Spreads'!O167 -> stale | I167: ='Derived 5Y Spreads'!A167 -> screenshot-reference-20260824-v1 | J167: ='Derived 5Y Spreads'!D167 -> SCREENSHOT.MSFT.5Y
A168: 46217 | B168: Meta | C168: ='Derived 5Y Spreads'!G168 -> 78.25 | D168: =C168-'Derived 5Y Spreads'!G161 -> -0.75 | E168: =C168-'Derived 5Y Spreads'!G133 -> 7.82 | F168: =C168-'Derived 5Y Spreads'!G19 -> 7.82 | G168: ='Derived 5Y Spreads'!E168 | H168: ='Derived 5Y Spreads'!O168 -> stale | I168: ='Derived 5Y Spreads'!A168 -> screenshot-reference-20260824-v1 | J168: ='Derived 5Y Spreads'!D168 -> SCREENSHOT.METAPL.5Y
A169: 46218 | B169: Oracle | C169: ='Derived 5Y Spreads'!G169 -> 187.29 | D169: =C169-'Derived 5Y Spreads'!G162 -> 0.15 | E169: =C169-'Derived 5Y Spreads'!G134 -> 13.15 | F169: =C169-'Derived 5Y Spreads'!G20 -> 33.29 | G169: ='Derived 5Y Spreads'!E169 | H169: ='Derived 5Y Spreads'!O169 -> stale | I169: ='Derived 5Y Spreads'!A169 -> screenshot-reference-20260824-v1 | J169: ='Derived 5Y Spreads'!D169 -> SCREENSHOT.ORCLE.5Y
A170: 46218 | B170: CoreWeave | C170: ='Derived 5Y Spreads'!G170 -> 650 | D170: =C170-'Derived 5Y Spreads'!G163 -> 15 | E170: =C170-'Derived 5Y Spreads'!G135 -> 50 | F170: =C170-'Derived 5Y Spreads'!G21 -> 161.43 | G170: ='Derived 5Y Spreads'!E170 | H170: ='Derived 5Y Spreads'!O170 -> stale | I170: ='Derived 5Y Spreads'!A170 -> screenshot-reference-20260824-v1 | J170: ='Derived 5Y Spreads'!D170 -> SCREENSHOT.COREWEI.5Y
A171: 46218 | B171: NVIDIA | C171: ='Derived 5Y Spreads'!G171 -> 57.33 | D171: =C171-'Derived 5Y Spreads'!G164 -> 0.33 | E171: =C171-'Derived 5Y Spreads'!G136 -> 12.33 | F171: =IFERROR(NA(),"") | G171: ='Derived 5Y Spreads'!E171 | H171: ='Derived 5Y Spreads'!O171 -> stale | I171: ='Derived 5Y Spreads'!A171 -> screenshot-reference-20260824-v1 | J171: ='Derived 5Y Spreads'!D171 -> SCREENSHOT.NVIDIA.5Y
A172: 46218 | B172: Amazon | C172: ='Derived 5Y Spreads'!G172 -> 58.5 | D172: =C172-'Derived 5Y Spreads'!G165 -> -0.75 | E172: =C172-'Derived 5Y Spreads'!G137 -> 3.5 | F172: =C172-'Derived 5Y Spreads'!G22 -> 8.21 | G172: ='Derived 5Y Spreads'!E172 | H172: ='Derived 5Y Spreads'!O172 -> stale | I172: ='Derived 5Y Spreads'!A172 -> screenshot-reference-20260824-v1 | J172: ='Derived 5Y Spreads'!D172 -> SCREENSHOT.AMZN.5Y
...

Sheet Discount Curves
A1: Curve ID | B1: As Of | C1: Currency | D1: Years | E1: Continuous Zero Rate | F1: Source Label | G1: Source URL
A2: ust-par-zero-proxy-2026-08-24 | B2: 46258 | C2: USD | D2: 0.083333333 | E2: 0.0379 | F2: U.S. Treasury par yields · continuous-zero proxy | G2: Open source
A3: ust-par-zero-proxy-2026-08-24 | B3: 46258 | C3: USD | D3: 0.125 | E3: 0.0378 | F3: U.S. Treasury par yields · continuous-zero proxy | G3: Open source
A4: ust-par-zero-proxy-2026-08-24 | B4: 46258 | C4: USD | D4: 0.16666667 | E4: 0.038 | F4: U.S. Treasury par yields · continuous-zero proxy | G4: Open source
A5: ust-par-zero-proxy-2026-08-24 | B5: 46258 | C5: USD | D5: 0.25 | E5: 0.0387 | F5: U.S. Treasury par yields · continuous-zero proxy | G5: Open source
A6: ust-par-zero-proxy-2026-08-24 | B6: 46258 | C6: USD | D6: 0.33333333 | E6: 0.039 | F6: U.S. Treasury par yields · continuous-zero proxy | G6: Open source
A7: ust-par-zero-proxy-2026-08-24 | B7: 46258 | C7: USD | D7: 0.5 | E7: 0.0396 | F7: U.S. Treasury par yields · continuous-zero proxy | G7: Open source
A8: ust-par-zero-proxy-2026-08-24 | B8: 46258 | C8: USD | D8: 1 | E8: 0.0404 | F8: U.S. Treasury par yields · continuous-zero proxy | G8: Open source
A9: ust-par-zero-proxy-2026-08-24 | B9: 46258 | C9: USD | D9: 2 | E9: 0.0424 | F9: U.S. Treasury par yields · continuous-zero proxy | G9: Open source
A10: ust-par-zero-proxy-2026-08-24 | B10: 46258 | C10: USD | D10: 3 | E10: 0.0431 | F10: U.S. Treasury par yields · continuous-zero proxy | G10: Open source
A11: ust-par-zero-proxy-2026-08-24 | B11: 46258 | C11: USD | D11: 5 | E11: 0.0441 | F11: U.S. Treasury par yields · continuous-zero proxy | G11: Open source
A12: ust-par-zero-proxy-2026-08-24 | B12: 46258 | C12: USD | D12: 7 | E12: 0.0455 | F12: U.S. Treasury par yields · continuous-zero proxy | G12: Open source
A13: ust-par-zero-proxy-2026-08-24 | B13: 46258 | C13: USD | D13: 10 | E13: 0.047 | F13: U.S. Treasury par yields · continuous-zero proxy | G13: Open source
... A15: ust-par-zero-proxy-2026-08-24 | B15: 46258 | C15: USD | D15: 30 | E15: 0.0523 | F15: U.S. Treasury par yields · continuous-zero proxy | G15: Open source

Sheet Contract Registry
A1: Company | B1: Aliases | C1: Symbols | D1: Currency | E1: Tier | F1: Restructuring | G1: Coupon (bp)
A2: Oracle | B2: ORACLE COP; ORACLE CORP; ORACLE CORPORATION | C2: ORCLE; ORCL | D2: USD | E2: SNRFOR | F2: XR14 | G2: 100
A3: CoreWeave | B3: COREWEAVE; COREWEAVE INC; COREWEAVE, INC. | C3: COREWEI; CRWV | D3: USD | E3: SNRFOR | F3: XR14 | G3: 500
A4: NVIDIA | B4: NVIDIA CORP; NVIDIA CORPORATION | C4: NVIDIA; NVDA | D4: USD | E4: SNRFOR | F4: XR14 | G4: 100
A5: Amazon | B5: AMAZON COM INC; AMAZON.COM INC; AMAZON INC | C5: AMZN | D5: USD | E5: SNRFOR | F5: XR14 | G5: 100
A6: Google | B6: ALPHABET INC; ALPHABET, INC.; GOOGLE INC; GOOGLE LLC | C6: ALPHINC; GOOG; GOOGL | D6: USD | E6: SNRFOR | F6: XR14 | G6: 100
A7: Microsoft | B7: MICROSOFT CORP; MICROSOFT CORPORATION | C7: MSFT | D7: USD | E7: SNRFOR | F7: XR14 | G7: 100
A8: Meta | B8: META PLATFORMS INC; META PLATFORMS, INC.; META PLATFORMS | C8: METAPL; META | D8: USD | E8: SNRFOR | F8: XR14 | G8: 100

Sheet Validation Log
A1: Batch ID | B1: Created At | C1: Level | D1: Code | E1: Company | F1: Message
A2: ice-empty-v1 | B2: 2026-08-25T07:49:40.977Z | C2: info | D2: initialized-empty | F2: Initialized without screenshot or DTCC values; waiting for the first ICE EOD Price import.
A3: ice-20260824-7bf9d81a3ef7 | B3: 2026-08-25T08:23:39.776Z | C3: warning | D3: model-derived | E3: Oracle | F3: No official spread benchmark supplied; model-derived only
A4: ice-20260824-7bf9d81a3ef7 | B4: 2026-08-25T08:23:39.776Z | C4: warning | D4: model-derived | E4: CoreWeave | F4: No official spread benchmark supplied; model-derived only
A5: ice-20260824-7bf9d81a3ef7 | B5: 2026-08-25T08:23:39.776Z | C5: warning | D5: model-derived | E5: NVIDIA | F5: No official spread benchmark supplied; model-derived only
A6: ice-20260824-7bf9d81a3ef7 | B6: 2026-08-25T08:23:39.776Z | C6: warning | D6: model-derived | E6: Amazon | F6: No official spread benchmark supplied; model-derived only
A7: ice-20260824-7bf9d81a3ef7 | B7: 2026-08-25T08:23:39.776Z | C7: warning | D7: model-derived | E7: Google | F7: No official spread benchmark supplied; model-derived only
A8: ice-20260824-7bf9d81a3ef7 | B8: 2026-08-25T08:23:39.776Z | C8: warning | D8: model-derived | E8: Microsoft | F8: No official spread benchmark supplied; model-derived only
A9: ice-20260824-7bf9d81a3ef7 | B9: 2026-08-25T08:23:39.776Z | C9: warning | D9: model-derived | E9: Meta | F9: No official spread benchmark supplied; model-derived only
A10: screenshot-reference-20260824-v1 | B10: 2026-08-25T08:30:05.427Z | C10: warning | D10: screenshot-history-backfill | F10: 2026-06-10 through 2026-08-21 history was digitized from the supplied chart image; values are visual references, not official ICE observations.

Sheet Methodology
A1: Key | B1: Value
A2: schemaVersion | B2: 1
A3: batchId | B3: ice-20260824-7bf9d81a3ef7
A4: generatedAt | B4: 2026-08-25T08:30:08.959Z
A5: modelVersion | B5: ice-isda-compatible-v1
A6: priceTolerance | B6: 0.005
A7: relativeBenchmarkTolerance | B7: 0.01
A8: note | B8: Model-derived unless an official spread benchmark passes validation.
A9: sourceDefinition | B9: ICE EOD Price is the source input; Spread (bp) is a model-derived estimate.
A10: officialStatus | B10: This workbook does not present model-derived spreads as official ICE spread quotations.
